Study_ID,yi,vi,k_series,k_effects,Diet_substitution_flag,Biodegradable_flag,Aged_weathered_flag,Low_realism_flag,Internal_conflict_flag,Title,Species,Taxon_group,Life_stage_group,Exposure_route_group,Particle_class_group,Polymer,Exposure_duration_days,Analysis_year,DOI_URL,SE,CI_low,CI_high,Percent_adverse_change
B1-027,0.00311365067327936,0.00305304592818709,1,1,FALSE,FALSE,FALSE,FALSE,FALSE,Mitigating Dietary Microplastic Accumulation and Oxidative Stress Response in European Seabass (Dicentrarchus labrax) Juveniles Using a Natural Microencapsulated Antioxidant,Dicentrarchus labrax,Fish,Juvenile,Dietary,Microplastic,Amino-formaldehyde polymer,60,2024,https://doi.org/10.3390/antiox13070812,0.0552543747425223,-0.105182933810344,0.111410235156903,0.311850311850304
B1-057,0.0144983208970285,0.0022647729952448,1,3,FALSE,TRUE,FALSE,FALSE,TRUE,Impacts of polyhydroxybutyrate (PHB) microplastic exposure on physiology and metabolic profiles of Litopenaeus vannamei,Litopenaeus vannamei,Crustacean,Juvenile,Waterborne plus dietary,Microplastic,Polyhydroxybutyrate,60,2024,https://doi.org/10.1016/j.scitotenv.2024.175588,0.0475896311736579,-0.0787756422408857,0.107772284034943,1.46039313254924
B1-085,0.310662223226257,0.00553679639095144,1,2,FALSE,FALSE,FALSE,FALSE,FALSE,"Ingestion, egestion and physiological effects of polystyrene microplastics on the marine jellyfish Rhopilema esculentum",Rhopilema esculentum,Cnidarian,Juvenile,Waterborne,Microplastic,Polystyrene,15,2023,https://doi.org/10.1016/j.marpolbul.2023.114609,0.0744096525388437,0.164821984147984,0.45650246230453,36.4328304933975
B1-089,0.428572046104272,0.00173986957171027,1,3,FALSE,FALSE,FALSE,FALSE,FALSE,"Investigations of hemato-biochemical and histopathological parameters, and growth performance of walking catfish (Clarias batrachus) exposed to PET and LDPE microplastics",Clarias batrachus,Fish,Juvenile,Dietary,Microplastic,PET and LDPE,60,2023,https://doi.org/10.1016/j.etap.2023.104250,0.0417117438104699,0.346818530503389,0.510325561705154,53.5063957207327
B1-097,0.630293808687227,0.0212568594332184,1,2,FALSE,FALSE,FALSE,FALSE,FALSE,Polystyrene nanoplastics affect digestive function and growth in juvenile groupers,Epinephelus coioides,Fish,Juvenile,Waterborne,Nanoplastic,Polystyrene,14,2021,https://doi.org/10.1016/j.scitotenv.2021.152098,0.145797323134612,0.344536306301039,0.916051311073414,87.8162318612697
B1-102,0.357497944919129,0.0044403792730682,1,2,FALSE,FALSE,FALSE,FALSE,FALSE,"Adverse effects of dietary virgin (nano)microplastics on growth performance, immune response, and resistance to ammonia stress and pathogen challenge in juvenile sea cucumber Apostichopus japonicus (Selenka)",Apostichopus japonicus,Echinoderm,Juvenile,Dietary,Mixed nano and micro,Polystyrene,60,2021,https://doi.org/10.1016/j.jhazmat.2021.127038,0.0666361709064094,0.226893449874911,0.488102439963347,42.9747628198042
B1-108,0.092158868659131,1.0891671534455e-4,1,4,FALSE,FALSE,FALSE,FALSE,TRUE,"Comprehensive understanding the impacts of dietary exposure to polyethylene microplastics on genetically improved farmed tilapia (Oreochromis niloticus): tracking from growth, microbiota, metabolism to gene expressions",Oreochromis niloticus,Fish,Juvenile,Dietary,Microplastic,High-density polyethylene,63,2022,https://doi.org/10.1016/j.scitotenv.2022.156571,0.0104363171351082,0.0717040629430808,0.112613674375181,9.65390139264655
B1-129,0.00763391040087813,8.037451907723e-5,1,3,FALSE,TRUE,FALSE,TRUE,FALSE,It’s not just synthetic microplastics: Multi-tissue approach reveals a wide range of transcriptional changes in European seabass exposed to viscose-rayon microfibres,Dicentrarchus labrax,Fish,Juvenile,Dietary,Microplastic,Viscose-rayon regenerated cellulose,68,2025,https://doi.org/10.1016/j.envpol.2025.127084,0.00896518371687036,-0.00993752679897271,0.025205347600729,0.766312298298066
B1-134,0.121243551680828,7.6449671191844e-4,1,2,FALSE,FALSE,FALSE,TRUE,TRUE,Combined effects of microplastics and benzo[a]pyrene on Asian sea bass Lates calcarifer growth and expression of functional genes,Lates calcarifer,Fish,Juvenile,Waterborne,Microplastic,Polyethylene,56,2024,https://doi.org/10.1016/j.cbpc.2024.109966,0.0276495336654788,0.0670514615071614,0.175435641854494,12.8899824338052
B1-138,0.0596124028015153,4.55809148024e-5,1,1,FALSE,FALSE,FALSE,FALSE,FALSE,Toxic effects of polystyrene nanoplastics and polybrominated diphenyl ethers to zebrafish (Danio rerio),Danio rerio,Fish,Early life stage,Waterborne,Nanoplastic,Polystyrene,5,2022,https://doi.org/10.1016/j.fsi.2022.05.025,0.00675136392163903,0.0463799726685797,0.0728448329344509,6.14250614250613
B1-141,0.0723206615796261,0.00155766630611141,1,1,FALSE,FALSE,FALSE,FALSE,FALSE,Microplastics alone or co-exposed with copper induce neurotoxicity and behavioral alterations on zebrafish larvae after a subchronic exposure,Danio rerio,Fish,Early life stage,Waterborne plus dietary,Microplastic,"Proprietary polymer, composition undisclosed",14,2021,https://doi.org/10.1016/j.aquatox.2021.105814,0.0394672814634022,-0.00503378865634746,0.1496751118156,7.5
B1-142,0.693147180559945,0.01953125,1,1,FALSE,FALSE,FALSE,FALSE,TRUE,"Effects of ibuprofen and microplastics on movement, growth and reproduction in the freshwater snail Physella acuta",Physella acuta,Mollusc,Juvenile,Waterborne,Microplastic,Polyethylene,14,2025,https://doi.org/10.3389/fenvs.2024.1514062,0.139754248593737,0.419233886629764,0.967060474490127,100
B1-153,0.133531392624522,0.0375079719387755,1,1,FALSE,FALSE,FALSE,FALSE,TRUE,Continuous Exposure to Microplastics Does Not Cause Physiological Effects in the Cultivated Mussel Perna perna,Perna perna,Mollusc,Adult,Waterborne,Mixed nano and micro,Emulsion/microsuspension polyvinyl chloride,90,2018,https://doi.org/10.1007/s00244-018-0504-3,0.193669749673963,-0.246054341631333,0.513117126880378,14.2857142857143
B1-157,0.582257053236826,5.9152366012351e-4,1,5,TRUE,FALSE,FALSE,FALSE,TRUE,"Toxicological assessment of dietary exposure of polyethylene microplastics on growth, nutrient digestibility, carcass and gut histology of Nile Tilapia (Oreochromis niloticus) fingerlings",Oreochromis niloticus,Fish,Juvenile,Dietary,Microplastic,Low-density polyethylene,60,2024,https://doi.org/10.1007/s10646-024-02749-9,0.0243212594271662,0.534588260700925,0.629925845772727,79.0074167294141
B1-160,0.22825865198098,3.470776065528e-5,1,5,TRUE,FALSE,FALSE,TRUE,TRUE,"Polystyrene microplastics exposure in freshwater fish, Labeo rohita: evaluation of physiology and histopathology",Labeo rohita,Fish,Juvenile,Dietary,Microplastic,Polystyrene,90,2025,https://doi.org/10.1038/s41598-025-95811-3,0.0058913292774451604,0.216711858776121,0.239805445185839,25.6410256410256
B1-162,0.530268085470533,7.300242437776e-5,1,5,TRUE,TRUE,FALSE,TRUE,TRUE,"Investigating the toxicity of polylactic acid microplastics on the health and physiology of freshwater fish, Cirrhinus mrigala",Cirrhinus mrigala,Fish,Juvenile,Dietary,Microplastic,Polylactic acid,90,2024,https://doi.org/10.1007/s10646-024-02813-4,0.00854414562011731,0.513521867776438,0.547014303164629,69.9387828742346
B1-163,0.150822889734584,0.0313610960879755,1,1,FALSE,FALSE,FALSE,FALSE,TRUE,"Co-exposure to Hexavalent Chromium and Polyamide Microplastics Alters Growth, Hematology, Histopathology of Tissues and Immune Genes Expression in Striped Catfish (Pangasianodon hypophthalmus)",Pangasianodon hypophthalmus,Fish,Juvenile,Waterborne,Microplastic,Polyamide 6 plus polyamide 66,28,2025,https://doi.org/10.1007/s12011-025-04948-9,0.177090643705351,-0.196268393926919,0.497914173396086,16.2790697674419
